ID,int_rc,NoPaiFull,NoPaidLoan,NewLoanApplication,monto_cobrar,acepta,pagado
10001,0.24,0.15640634,0.2132155556977513,37752.0,52475.3,1,44267.830386598005
10002,0.24,0.15996672,0.2189933808336736,52917.0,73554.6,1,61788.311897088
10003,0.24,0.0,0.0,106380.0,147868.2,0,147868.2
10004,0.24,0.1505349,0.2037931105115443,35830.0,49803.7,1,42306.50500087
10005,0.24,0.0,0.0,32816.0,45614.2,0,45614.2
10006,0.24,0.16704217,0.2306221138469878,57708.0,80214.1,1,66814.962671403
10007,0.18,0.15873079,0.2169821578279322,103440.0,137575.2,1,115737.779819592
10008,0.18,0.0,0.0,139810.0,185947.3,0,185947.3
10009,0.24,0.15073611,0.2041138549997691,229950.0,319630.5,1,271450.641792645
10010,0.24,0.16858912,0.2331909440492286,248843.0,345891.8,1,287578.205822784
10011,0.18,0.0,0.0,73997.0,98416.0,0,98416.0
10012,0.24,0.16753012,0.2314313618169584,94941.0,131968.0,1,109859.38512384
10013,0.18,0.0,0.0,138348.0,184002.8,0,184002.8
10014,0.18,0.0,0.0,149382.0,198678.1,0,198678.1
10015,0.24,0.1641382,0.2258255252243852,174402.0,242418.8,1,202628.61452183998
10016,0.24,0.15841617,0.2164711214805541,40590.0,56420.1,1,47482.243846983
10017,0.3,0.16684337,0.2302926827816277,27272.0,39544.4,0,32946.679039372
10018,0.18,0.0,0.0,63238.0,84106.5,0,84106.5
10019,0.3,0.16969493,0.2350330939205273,215662.0,312709.9,0,259644.615409193
10020,0.24,0.0,0.0,101528.0,141123.9,0,141123.9
10021,0.24,0.16069987,0.2201892313539852,120790.0,167898.1,1,140916.89715675302
10022,0.24,0.0,0.0,202147.0,280984.3,0,280984.3
10023,0.24,0.15052204,0.2037726158310216,267212.0,371424.7,1,315517.096449612
10024,0.24,0.0,0.0,306755.0,426389.4,0,426389.4
10025,0.18,0.0,0.0,101448.0,134925.8,0,134925.8
10026,0.24,0.16030647,0.2195472918553987,89369.0,124222.9,1,104309.165407837
10027,0.24,0.1545075,0.2101539930868694,137224.0,190741.4,1,161270.4231395
10028,0.24,0.16636494,0.2295005214871842,53210.0,73961.9,1,61657.232944213996
10029,0.24,0.1605433,0.2199336725765606,87180.0,121180.2,1,101725.53079733999
10030,0.24,0.0,0.0,241757.0,336042.2,0,336042.2
10031,0.24,0.15500307,0.2109516900848385,111198.0,154565.2,1,130607.119484836
10032,0.24,0.1618892,0.2221336128826881,72308.0,100508.1,1,84236.92409748
10033,0.3,0.16898656,0.2338524681381807,173040.0,250908.0,0,208507.92020351999
10034,0.24,0.16410574,0.2257720982555855,12570.0,17472.3,1,14604.995278998
10035,0.24,0.16699931,0.2305510773346417,133980.0,186232.2,1,155131.551100218
10036,0.24,0.16731185,0.2310692514358466,54560.0,75838.4,1,63149.73699495999
10037,0.24,0.0,0.0,136788.0,190135.3,0,190135.3
10038,0.24,0.15016669,0.2032065482347356,129150.0,179518.5,1,152560.801061235
10039,0.24,0.16537605,0.2278660437434127,133654.0,185779.1,1,155055.686269445
10040,0.18,0.0,0.0,50104.0,66638.3,0,66638.3
10041,0.18,0.0,0.0,178392.0,237261.4,0,237261.4
10042,0.24,0.0,0.0,108770.0,151190.3,0,151190.3
10043,0.18,0.0,0.0,41820.0,55620.6,0,55620.6
10044,0.24,0.0,0.0,212805.0,295798.9,0,295798.9
10045,0.24,0.16466957,0.2267007147099862,221782.0,308277.0,1,257513.15896911
10046,0.18,0.0,0.0,39330.0,52308.9,0,52308.9
10047,0.24,0.16752638,0.2314251555502743,34749.0,48301.1,1,40209.391566982
10048,0.24,0.1532981,0.2082111956994546,56187.0,78099.9,1,66127.33371980999
10049,0.24,0.16665582,0.2299820381537915,95088.0,132172.3,1,110145.016962214
10050,0.18,0.0,0.0,78622.0,104567.3,0,104567.3
10051,0.18,0.0,0.0,28610.0,38051.3,0,38051.3
10052,0.24,0.0,0.0,24044.0,33421.2,0,33421.2
10053,0.24,0.15450637,0.2101521752446556,41130.0,57170.7,1,48337.462672641
10054,0.3,0.15871607,0.2169582396516237,97332.0,141131.4,0,118731.578838402
10055,0.24,0.0,0.0,243690.0,338729.1,0,338729.1
10056,0.24,0.16457865,0.2265508865675983,306486.0,426015.5,1,355902.44413092505
10057,0.18,0.0,0.0,53442.0,71077.9,0,71077.9
10058,0.24,0.16454378,0.2264934325343823,306138.0,425531.8,1,355513.18911779596
10059,0.18,0.0,0.0,30210.0,40179.3,0,40179.3
10060,0.24,0.0,0.0,74600.0,103694.0,0,103694.0
10061,0.24,0.15876754,0.2170418756784541,101370.0,140904.3,1,118533.27091357799
10062,0.18,0.0,0.0,201456.0,267936.5,0,267936.5
10063,0.24,0.0,0.0,76884.0,106868.8,0,106868.8
10064,0.24,0.0,0.0,384321.0,534206.2,0,534206.2
10065,0.24,0.16513474,0.2274677844422465,80992.0,112578.9,1,93988.21261901398
10066,0.24,0.16664553,0.2299649985677762,228492.0,317603.9,1,264676.629754433
10067,0.18,0.0,0.0,68814.0,91522.6,0,91522.6
10068,0.24,0.16706279,0.2306562922071881,178020.0,247447.8,1,206108.480152638
10069,0.24,0.15175907,0.2057468866775858,136185.0,189297.2,1,160569.63297439602
10070,0.24,0.0,0.0,106850.0,148521.5,0,148521.5
10071,0.24,0.16395622,0.225526051996942,149424.0,207699.4,1,173645.791479732
10072,0.24,0.0,0.0,89448.0,124332.7,0,124332.7
10073,0.24,0.1595319,0.2182851258721179,258818.0,359757.0,1,302364.2822517
10074,0.18,0.0,0.0,42270.0,56219.1,0,56219.1
10075,0.24,0.1554267,0.2116343306140508,42240.0,58713.6,1,49587.938906879994
10076,0.24,0.16759685,0.2315421049283631,96590.0,134260.1,1,111758.530159315
10077,0.24,0.15731004,0.2146774669060967,77450.0,107655.5,1,90720.20898878
10078,0.24,0.0,0.0,128380.0,178448.2,0,178448.2
10079,0.24,0.0,0.0,142450.0,198005.5,0,198005.5
10080,0.24,0.0,0.0,322507.0,448284.7,0,448284.7
10081,0.24,0.16323735,0.2243443257176929,94731.0,131676.1,1,110181.64237766502
10082,0.3,0.16990471,0.2353831166780863,156654.0,227148.3,0,188554.733961507
10083,0.18,0.15237726,0.2067356628492529,84380.0,112225.4,1,95124.801045596
10084,0.24,0.155282,0.2114010829649658,58956.0,81948.8,1,69223.6264384
10085,0.24,0.0,0.0,196346.0,272920.9,0,272920.9
10086,0.24,0.15484801,0.210701996335594,66556.0,92512.8,1,78187.377020472
10087,0.24,0.16138265,0.2213048030785433,122213.0,169876.1,1,142461.044810335
10088,0.24,0.0,0.0,80852.0,112384.3,0,112384.3
10089,0.24,0.0,0.0,75366.0,104758.7,0,104758.7
10090,0.24,0.16073622,0.2202485766751425,41232.0,57312.5,1,48100.30539125
10091,0.24,0.0,0.0,89607.0,124553.7,0,124553.7
10092,0.18,0.0,0.0,174211.0,231700.6,0,231700.6
10093,0.18,0.15228513,0.2065882122605682,176304.0,234484.3,1,198775.827891541
10094,0.18,0.0,0.0,54312.0,72235.0,0,72235.0
10095,0.18,0.0,0.0,288615.0,383857.9,0,383857.9
10096,0.24,0.1623885,0.2229515413768793,55680.0,77395.2,1,64827.1095648
10097,0.18,0.0,0.0,26414.0,35130.6,0,35130.6
10098,0.18,0.0,0.0,82605.0,109864.6,0,109864.6
10099,0.24,0.0,0.0,70196.0,97572.4,0,97572.4
10100,0.3,0.16354679,0.2248527547643699,17072.0,24754.4,0,20705.897341624
10101,0.18,0.0,0.0,29304.0,38974.3,0,38974.3
10102,0.24,0.15532531,0.2114708876857669,25266.0,35119.7,1,29664.721710392994
10103,0.18,0.0,0.0,333642.0,443743.9,0,443743.9
10104,0.24,0.0,0.0,101122.0,140559.6,0,140559.6
10105,0.24,0.0,0.0,90504.0,125800.6,0,125800.6
10106,0.18,0.0,0.0,119149.0,158468.2,0,158468.2
10107,0.24,0.15573014,0.2121237171726111,34464.0,47905.0,1,40444.747643300005
10108,0.24,0.0,0.0,105960.0,147284.4,0,147284.4
10109,0.18,0.0,0.0,275310.0,366162.3,0,366162.3
10110,0.24,0.1568022,0.2138555508565131,274568.0,381649.5,1,321806.0187711
10111,0.24,0.0,0.0,37692.0,52391.9,0,52391.9
10112,0.24,0.16640769,0.229571267877939,412060.0,572763.4,1,477451.165689454
10113,0.24,0.16382065,0.225303037560064,180754.0,251248.1,1,210088.472946735
10114,0.18,0.0,0.0,165168.0,219673.4,0,219673.4
10115,0.24,0.15810072,0.2159591204306528,233520.0,324592.8,1,273274.444613184
10116,0.24,0.0,0.0,247894.0,344572.7,0,344572.7
10117,0.18,0.0,0.0,89768.0,119391.4,0,119391.4
10118,0.24,0.16945408,0.2346314481925334,229032.0,318354.5,1,264408.03108864004
10119,0.18,0.0,0.0,70308.0,93509.6,0,93509.6
10120,0.24,0.1623396,0.2228713927505705,212004.0,294685.6,1,246846.45757023996
10121,0.24,0.0,0.0,161541.0,224542.0,0,224542.0
10122,0.24,0.0,0.0,173922.0,241751.6,0,241751.6
10123,0.24,0.15590186,0.2124008222550992,72895.0,101324.0,1,85527.39993736001
10124,0.18,0.0,0.0,35850.0,47680.5,0,47680.5
10125,0.18,0.0,0.0,37455.0,49815.1,0,49815.1
10126,0.24,0.1645255,0.2264633151580328,30447.0,42321.3,1,35358.366956850004
10127,0.18,0.0,0.0,99780.0,132707.4,0,132707.4
10128,0.18,0.15069883,0.2040544162914553,45702.0,60783.7,1,51623.66752692899
10129,0.24,0.15732707,0.2147050463576656,276437.0,384247.4,1,323794.88240288204
10130,0.18,0.0,0.0,178841.0,237858.5,0,237858.5
10131,0.24,0.16119066,0.2209909334104458,75680.0,105195.2,1,88238.71628316799
10132,0.18,0.0,0.0,254373.0,338316.1,0,338316.1
10133,0.24,0.0,0.0,185460.0,257789.4,0,257789.4
10134,0.24,0.0,0.0,144381.0,200689.6,0,200689.6
10135,0.24,0.0,0.0,58928.0,81909.9,0,81909.9
10136,0.18,0.0,0.0,9012.0,11986.0,0,11986.0
10137,0.18,0.0,0.0,33072.0,43985.8,0,43985.8
10138,0.24,0.15612072,0.2127541607610036,209488.0,291188.3,1,245727.77294842398
10139,0.24,0.0,0.0,45451.0,63176.9,0,63176.9
10140,0.24,0.0,0.0,9858.0,13702.6,0,13702.6
10141,0.24,0.16176754,0.2219344631440304,301104.0,418534.6,1,350829.287353116
10142,0.24,0.0,0.0,68943.0,95830.8,0,95830.8
10143,0.18,0.0,0.0,187940.0,249960.2,0,249960.2
10144,0.3,0.16331838,0.2244774266703743,340893.0,494294.8,0,413567.374021576
10145,0.24,0.16882055,0.2335760737347392,226788.0,315235.3,1,262017.103274585
10146,0.24,0.0,0.0,150696.0,209467.4,0,209467.4
10147,0.24,0.16529484,0.2277319886221862,96144.0,133640.2,1,111550.164523432
10148,0.3,0.16205038,0.2223975434227179,291754.0,423043.3,0,354488.972478546
10149,0.24,0.0,0.0,27090.0,37655.1,0,37655.1
10150,0.24,0.15850101,0.21660888921566,187382.0,260461.0,1,219177.66843439
10151,0.3,0.16891043,0.233725703596545,211358.0,306469.1,0,254703.272537287
10152,0.24,0.0,0.0,59970.0,83358.3,0,83358.3
10153,0.18,0.15982778,0.2187669892251376,125727.0,167216.9,1,140490.994094518
10154,0.24,0.1645287,0.2264685872512915,47892.0,66569.9,1,55617.240893869995
10155,0.24,0.15318456,0.2080290883690075,83193.0,115638.3,1,97924.29789535199
10156,0.18,0.0,0.0,5046.0,6711.2,0,6711.2
10157,0.24,0.1546729,0.2104201261263244,193724.0,269276.4,1,227626.63831044003
10158,0.24,0.0,0.0,330603.0,459538.2,0,459538.2
10159,0.24,0.1655505,0.2281541003979269,82740.0,115008.6,1,95968.86876570001
10160,0.24,0.16199908,0.2223135292023306,353144.0,490870.2,1,411349.679200584
10161,0.24,0.15563354,0.2119678829971526,73107.0,101618.7,1,85803.421988802
10162,0.24,0.0,0.0,155151.0,215659.9,0,215659.9
10163,0.24,0.0,0.0,30630.0,42575.7,0,42575.7
10164,0.18,0.0,0.0,75850.0,100880.5,0,100880.5
10165,0.24,0.15818667,0.2160985862507071,179223.0,249120.0,1,209712.5367696
10166,0.24,0.0,0.0,25860.0,35945.4,0,35945.4
10167,0.24,0.15660755,0.2135407810444591,44080.0,61271.2,1,51675.667482439996
10168,0.24,0.16815364,0.2324668295717492,126055.0,175216.4,1,145753.12455230398
10169,0.24,0.16737641,0.2311763368366731,183390.0,254912.1,1,212245.82783643898
10170,0.18,0.0,0.0,43344.0,57647.5,0,57647.5
10171,0.24,0.1541222,0.2095344386624167,62480.0,86847.2,1,73462.11847216
10172,0.24,0.16945608,0.2346347824688188,108816.0,151254.2,1,125623.25618446401
10173,0.24,0.15875594,0.2170230253988362,40950.0,56920.5,1,47884.03251723
10174,0.24,0.16415678,0.2258561085175758,33896.0,47115.4,1,39381.087647588
10175,0.24,0.15114243,0.2047620244465745,52576.0,73080.6,1,62035.02053014201
10176,0.24,0.15336168,0.2083131932889595,250376.0,348022.6,1,294649.269386032
10177,0.24,0.0,0.0,341480.0,474657.2,0,474657.2
10178,0.24,0.0,0.0,275200.0,382528.0,0,382528.0
10179,0.18,0.0,0.0,100368.0,133489.4,0,133489.4
10180,0.24,0.0,0.0,102816.0,142914.2,0,142914.2
10181,0.24,0.0,0.0,282576.0,392780.6,0,392780.6
10182,0.24,0.16055685,0.21995578557047,93636.0,130154.0,1,109256.8837451
10183,0.24,0.16960604,0.2348848322548011,101106.0,140537.3,1,116701.32507470799
10184,0.18,0.0,0.0,95995.0,127673.4,0,127673.4
10185,0.24,0.16988927,0.2353573486515467,89276.0,124093.6,1,103011.42888432801
10186,0.24,0.16102055,0.2207129536963033,27954.0,38856.1,1,32599.469407144996
10187,0.24,0.15706573,0.2142819386142646,393160.0,546492.4,1,460657.172254548
10188,0.12,0.0,0.0,131130.0,166535.1,0,166535.1
10189,0.3,0.15226407,0.2065545110256208,134101.0,194446.4,0,164839.199739152
10190,0.24,0.16516611,0.2275195446365984,24752.0,34405.3,1,28722.710435617002
10191,0.24,0.16603087,0.2289479234081481,252090.0,350405.1,1,292227.036394563
10192,0.24,0.15375164,0.2089391180622199,207928.0,289019.9,1,244582.61638236404
10193,0.24,0.15896083,0.2173560531074908,335360.0,466150.4,1,392050.745511168
10194,0.24,0.16101415,0.2207024975451015,13314.0,18506.5,1,15526.691633025
10195,0.24,0.0,0.0,359793.0,500112.3,0,500112.3
10196,0.24,0.15663114,0.2135789208532076,54359.0,75559.0,1,63724.10769274
10197,0.24,0.15356149,0.2086338362605925,38805.0,53939.0,1,45656.04679089
10198,0.18,0.0,0.0,78594.0,104530.0,0,104530.0
10199,0.24,0.16671205,0.2300751588931533,26965.0,37481.4,1,31232.798969130003
10200,0.24,0.0,0.0,170397.0,236851.8,0,236851.8
10201,0.24,0.0,0.0,351900.0,489141.0,0,489141.0
10202,0.18,0.0,0.0,77700.0,103341.0,0,103341.0
10203,0.18,0.0,0.0,105714.0,140599.6,0,140599.6
10204,0.3,0.16035473,0.2196260088501421,81760.0,118552.0,0,99541.62604904
10205,0.24,0.0,0.0,68585.0,95333.2,0,95333.2
10206,0.24,0.0,0.0,199220.0,276915.8,0,276915.8
10207,0.12,0.0,0.0,355644.0,451667.9,0,451667.9
10208,0.18,0.0,0.0,92508.0,123035.6,0,123035.6
10209,0.24,0.0,0.0,213954.0,297396.1,0,297396.1
10210,0.18,0.0,0.0,41312.0,54945.0,0,54945.0
10211,0.24,0.16483359,0.2269710877141239,319515.0,444125.8,1,370918.949974378
10212,0.24,0.15497683,0.2109094292645255,140709.0,195585.5,1,165274.27921603498
10213,0.24,0.0,0.0,132524.0,184208.4,0,184208.4
10214,0.12,0.0,0.0,232302.0,295023.5,0,295023.5
10215,0.24,0.15340069,0.2083757822812303,25638.0,35636.8,1,30170.090290608
10216,0.24,0.15561092,0.2119313977864326,49042.0,68168.4,1,57560.652561072
10217,0.24,0.0,0.0,326634.0,454021.3,0,454021.3
10218,0.24,0.0,0.0,92964.0,129220.0,0,129220.0
10219,0.24,0.16398893,0.2255798712091216,89388.0,124249.3,1,103873.790239751
10220,0.3,0.16653238,0.2297776571092228,162274.0,235297.3,0,196112.680623426
10221,0.24,0.16170375,0.2218300660416887,336634.0,467921.3,1,392256.67108512495
10222,0.24,0.15846695,0.2165535774263412,119796.0,166516.4,1,140129.05396702
10223,0.24,0.16952807,0.2347548104365189,177837.0,247193.4,1,205287.179981262
10224,0.24,0.16462912,0.2266340526497642,177970.0,247378.3,1,206652.628163904
10225,0.24,0.0,0.0,59988.0,83383.3,0,83383.3
10226,0.24,0.0,0.0,347534.0,483072.3,0,483072.3
10227,0.3,0.16718669,0.2308616963626577,188938.0,273960.1,0,228157.617688931
10228,0.24,0.0,0.0,188487.0,261996.9,0,261996.9
10229,0.24,0.0,0.0,303120.0,421336.8,0,421336.8
10230,0.24,0.0,0.0,166725.0,231747.7,0,231747.7
10231,0.18,0.1524789,0.2068983710258068,94584.0,125796.7,1,106615.35756037
10232,0.24,0.16375929,0.225202123321645,219560.0,305188.4,1,255210.96429976402
10233,0.24,0.0,0.0,102192.0,142046.9,0,142046.9
10234,0.24,0.15981571,0.2187473256611355,306945.0,426653.6,1,358467.651991944
10235,0.24,0.15386406,0.2091196705342642,136524.0,189768.4,1,160569.863516296
10236,0.18,0.0,0.0,225228.0,299553.2,0,299553.2
10237,0.24,0.0,0.0,124536.0,173105.0,0,173105.0
10238,0.24,0.0,0.0,103719.0,144169.4,0,144169.4
10239,0.24,0.16268344,0.2234351557551901,15621.0,21713.2,1,18180.821930592
10240,0.24,0.15899953,0.2174189742129395,60471.0,84054.7,1,70690.042205709
10241,0.3,0.16741794,0.231245231250839,319668.0,463518.6,0,385917.270836316
10242,0.24,0.1569803,0.2141436848984667,50370.0,70014.3,1,59023.43418171001
10243,0.24,0.15442951,0.2100285412041754,7293.0,10137.3,1,8571.801728277
10244,0.18,0.0,0.0,79184.0,105314.7,0,105314.7
10245,0.18,0.0,0.0,88803.0,118108.0,0,118108.0
10246,0.24,0.16641435,0.2295822900742112,168376.0,234042.6,1,195094.55284869001
10247,0.24,0.16534798,0.2278197050310857,10695.0,14866.0,1,12407.936929320002
10248,0.3,0.15686396,0.2139554537367422,198216.0,287413.2,0,242328.427291728
10249,0.24,0.16055858,0.2199586089044785,14784.0,20549.8,1,17250.353292715998
10250,0.24,0.0,0.0,31174.0,43331.9,0,43331.9
10251,0.24,0.0,0.0,17976.0,24986.6,0,24986.6
10252,0.12,0.0,0.0,101738.0,129207.3,0,129207.3
10253,0.24,0.16906716,0.2339867010190618,151160.0,210112.4,1,174589.293251216
10254,0.3,0.1574801,0.2149529227736935,341187.0,494721.2,0,416812.45595188
10255,0.24,0.0,0.0,73675.0,102408.2,0,102408.2
10256,0.18,0.0,0.0,136185.0,181126.0,0,181126.0
10257,0.24,0.1586239,0.2168084938471631,74985.0,104229.2,1,87695.95780212
10258,0.3,0.16896677,0.2338195134507437,201476.0,292140.2,0,242778.21401884602
10259,0.24,0.16512947,0.2274590893752111,58482.0,81290.0,1,67866.6253837
10260,0.18,0.16310997,0.2241351417461623,258105.0,343279.6,1,287287.274742388
10261,0.24,0.0,0.0,209286.0,290907.5,0,290907.5
10262,0.3,0.16620956,0.2292434463508599,37086.0,53774.7,0,44836.830773868
10263,0.24,0.15645462,0.2132935788232281,128496.0,178609.4,1,150665.134194572
10264,0.18,0.15090093,0.2043767042401775,191000.0,254030.0,1,215696.63675210002
10265,0.18,0.0,0.0,116268.0,154636.4,0,154636.4
10266,0.18,0.0,0.0,218450.0,290538.5,0,290538.5
10267,0.24,0.16481845,0.2269461262644033,158083.0,219735.4,1,183518.95196186999
10268,0.24,0.0,0.0,275043.0,382309.8,0,382309.8
10269,0.24,0.16503157,0.2272975823768571,145027.0,201587.5,1,168319.198382625
10270,0.24,0.15599108,0.2125448413507287,74640.0,103749.6,1,87565.58784643201
10271,0.24,0.16092844,0.2205624821797082,323622.0,449834.6,1,377443.419563976
10272,0.24,0.0,0.0,332100.0,461619.0,0,461619.0
10273,0.24,0.16626495,0.2293350777324282,20784.0,28889.8,1,24086.43884749
10274,0.24,0.16240571,0.2229797513304444,49023.0,68142.0,1,57075.35010918
10275,0.24,0.16567275,0.2283560347573449,118014.0,164039.5,1,136862.624926375
10276,0.18,0.0,0.0,308320.0,410065.6,0,410065.6
10277,0.24,0.15555489,0.2118410319173971,322316.0,448019.2,1,378327.622626112
10278,0.18,0.0,0.0,22140.0,29446.2,0,29446.2
10279,0.24,0.15903209,0.2174719169724322,61672.0,85724.1,1,72091.21721363101
10280,0.3,0.16281363,0.2236487372578701,143172.0,207599.4,0,173799.38810017798
10281,0.24,0.1628298,0.2236752693777204,181259.0,251950.0,1,210925.03188999998
10282,0.24,0.0,0.0,214536.0,298205.0,0,298205.0
10283,0.24,0.15305755,0.2078254343019411,214434.0,298063.3,1,252442.461557085
10284,0.24,0.16571519,0.2284261516160171,67669.0,94059.9,1,78472.745800119
10285,0.18,0.0,0.0,39109.0,52015.0,0,52015.0
10286,0.18,0.0,0.0,19152.0,25472.2,0,25472.2
10287,0.3,0.16710106,0.2307197305353756,159000.0,230550.0,0,192024.850617
10288,0.18,0.0,0.0,29505.0,39241.6,0,39241.6
10289,0.24,0.16256814,0.2232460572971273,32732.0,45497.5,1,38101.05605035
10290,0.24,0.15060104,0.20389852608249,239640.0,333099.6,1,282934.453816416
10291,0.24,0.1544746,0.2101010685190534,139300.0,193627.0,1,163716.5466258
10292,0.24,0.0,0.0,25220.0,35055.8,0,35055.8
10293,0.24,0.0,0.0,132972.0,184831.1,0,184831.1
10294,0.3,0.16443725,0.2263179366241494,111792.0,162098.4,0,135443.3848746
10295,0.24,0.15409605,0.2094924104562937,142785.0,198471.2,1,167887.57204124
10296,0.24,0.0,0.0,15648.0,21750.7,0,21750.7
10297,0.3,0.16256112,0.2232345457855981,123240.0,178698.0,0,149648.65297824
10298,0.24,0.1513162,0.2050394151508489,35490.0,49331.1,1,41866.50540618
10299,0.24,0.1554291,0.2116381999427164,59292.0,82415.9,1,69606.07083730999
10300,0.24,0.0,0.0,209814.0,291641.5,0,291641.5
10301,0.18,0.0,0.0,79752.0,106070.2,0,106070.2
10302,0.24,0.0,0.0,24020.0,33387.8,0,33387.8
10303,0.24,0.0,0.0,177672.0,246964.1,0,246964.1
10304,0.24,0.1681918,0.2325302515652046,361599.0,502622.6,1,418085.60018531996
10305,0.24,0.0,0.0,192584.0,267691.8,0,267691.8
10306,0.3,0.16251208,0.2231541345694872,148380.0,215151.0,0,180186.36347592002
10307,0.18,0.0,0.0,165529.0,220153.6,0,220153.6
10308,0.24,0.151573,0.2054495554714784,57336.0,79697.0,1,67617.08661900001
10309,0.24,0.16801071,0.2322293313415128,88336.0,122787.0,1,102157.46895123
10310,0.24,0.0,0.0,109518.0,152230.0,0,152230.0
10311,0.24,0.16661987,0.2299225090715806,32048.0,44546.7,1,37124.334637071
10312,0.24,0.16020335,0.2193791229102901,29502.0,41007.8,1,34438.213063870004
10313,0.3,0.16643593,0.2296180058480687,35176.0,51005.2,0,42516.102103164
10314,0.24,0.15327796,0.2081788894971956,28530.0,39656.7,1,33578.201923668
10315,0.24,0.0,0.0,120989.0,168174.7,0,168174.7
10316,0.18,0.0,0.0,78690.0,104657.7,0,104657.7
10317,0.12,0.0,0.0,266238.0,338122.3,0,338122.3
10318,0.18,0.0,0.0,36570.0,48638.1,0,48638.1
10319,0.24,0.0,0.0,178884.0,248648.8,0,248648.8
10320,0.24,0.15047961,0.2037050005356552,210690.0,292859.1,1,248789.77684704898
10321,0.24,0.0,0.0,63635.0,88452.6,0,88452.6
10322,0.24,0.0,0.0,58496.0,81309.4,0,81309.4
10323,0.24,0.15013239,0.2031519338641462,44175.0,61403.2,1,52184.590830352
10324,0.24,0.0,0.0,159264.0,221377.0,0,221377.0
10325,0.24,0.0,0.0,73124.0,101642.4,0,101642.4
10326,0.24,0.0,0.0,21760.0,30246.4,0,30246.4
10327,0.24,0.16499925,0.2272442719362825,23920.0,33248.8,1,27762.772936600006
10328,0.24,0.16757834,0.2315113845067413,52146.0,72482.9,1,60336.335939614
10329,0.3,0.16660635,0.2299001228291096,146592.0,212558.4,0,177144.82081416
10330,0.24,0.15485457,0.2107125580741767,339900.0,472461.0,1,399298.25500323
10331,0.24,0.15972875,0.2186056734655625,18837.0,26183.4,1,22001.15824725
10332,0.18,0.0,0.0,14040.0,18673.2,0,18673.2
10333,0.18,0.0,0.0,49200.0,65436.0,0,65436.0
10334,0.24,0.16236475,0.2229126132167911,137576.0,191230.6,1,160181.49143865
10335,0.18,0.0,0.0,83725.0,111354.2,0,111354.2
10336,0.18,0.15716109,0.2144362954244719,199344.0,265127.5,1,223459.773111025
10337,0.24,0.16694435,0.2304599968801603,341388.0,474529.3,1,395309.314455545
10338,0.18,0.0,0.0,89586.0,119149.4,0,119149.4
10339,0.24,0.15304464,0.2078047371941775,46480.0,64607.2,1,54719.414334591995
10340,0.24,0.0,0.0,264120.0,367126.8,0,367126.8
10341,0.24,0.15005897,0.2030350452666111,175824.0,244395.4,1,207721.678003262
10342,0.24,0.0,0.0,68805.0,95639.0,0,95639.0
10343,0.24,0.16876249,0.2334794341751974,237135.0,329617.6,1,273990.513076176
10344,0.24,0.1551217,0.2111427823391842,163720.0,227570.8,1,192269.63063364
10345,0.24,0.16131839,0.2211997333529228,327330.0,454988.7,1,381590.655447807
10346,0.24,0.15607922,0.212687147009225,77550.0,107794.5,1,90970.01851971
10347,0.18,0.0,0.0,66176.0,88014.1,0,88014.1
10348,0.18,0.0,0.0,176064.0,234165.1,0,234165.1
10349,0.3,0.16641147,0.2295775236974529,123424.0,178964.8,0,149183.004553744
10350,0.18,0.0,0.0,99110.0,131816.3,0,131816.3
10351,0.18,0.0,0.0,14895.0,19810.4,0,19810.4
10352,0.24,0.16552661,0.2281146454532241,49432.0,68710.5,1,57337.083863595
10353,0.24,0.16257945,0.2232646040272119,62757.0,87232.2,1,73050.03690171
10354,0.18,0.0,0.0,23370.0,31082.1,0,31082.1
10355,0.24,0.0,0.0,240408.0,334167.1,0,334167.1
10356,0.18,0.0,0.0,125136.0,166430.9,0,166430.9
10357,0.3,0.1653138,0.227763283974265,34955.0,50684.8,0,42305.90310976
10358,0.24,0.16443698,0.226317491887087,199962.0,277947.2,1,232242.40183254398
10359,0.24,0.0,0.0,42860.0,59575.4,0,59575.4
10360,0.24,0.15680583,0.2138614223340752,240220.0,333905.8,1,281547.423889186
10361,0.24,0.0,0.0,117705.0,163609.9,0,163609.9
10362,0.3,0.15120988,0.2048696820363555,76447.0,110848.2,0,94086.85697978399
10363,0.24,0.16729848,0.2310470767484609,276606.0,384482.3,1,320158.995623096
10364,0.24,0.16554284,0.2281414494663812,153370.0,213184.3,1,177893.16553458798
10365,0.24,0.0,0.0,36965.0,51381.4,0,51381.4
10366,0.24,0.15028252,0.2033910117984154,36332.0,50501.5,1,42912.00731622
10367,0.24,0.1650001,0.2272456739216376,84398.0,117313.2,1,97956.51026868
10368,0.24,0.15286005,0.2075088744191559,17332.0,24091.5,1,20408.872105424998
10369,0.18,0.0,0.0,145710.0,193794.3,0,193794.3
10370,0.24,0.0,0.0,69300.0,96327.0,0,96327.0
10371,0.24,0.16097826,0.2206438643651831,104180.0,144810.2,1,121498.905973748
10372,0.18,0.0,0.0,19474.0,25900.4,0,25900.4
10373,0.24,0.15192373,0.2060101145148183,136040.0,189095.6,1,160367.491121412
10374,0.18,0.0,0.0,9330.0,12408.9,0,12408.9
10375,0.24,0.0,0.0,38588.0,53637.3,0,53637.3
10376,0.24,0.0,0.0,339394.0,471757.7,0,471757.7
10377,0.24,0.0,0.0,103856.0,144359.8,0,144359.8
10378,0.24,0.16157502,0.2216194381517593,187396.0,260480.4,1,218393.274160392
10379,0.24,0.1577942,0.2154619809077543,83736.0,116393.0,1,98026.8596794
10380,0.3,0.16951273,0.2347292325143045,47096.0,68289.2,0,56713.311278484
10381,0.24,0.16852267,0.2330804022041107,199862.0,277808.2,1,230991.220388106
10382,0.24,0.16269264,0.223450246514016,16035.0,22288.6,1,18662.408824096
10383,0.24,0.0,0.0,28380.0,39448.2,0,39448.2
10384,0.3,0.16560812,0.2282492705945316,393740.0,570923.0,0,476373.51530524
10385,0.24,0.16987857,0.2353394918379592,353664.0,491593.0,1,408081.88413798995
10386,0.24,0.1687571,0.2334704633266641,35136.0,48839.0,1,40597.0719931
10387,0.24,0.15244031,0.2068365904706959,84885.0,117990.2,1,100003.737335038
10388,0.3,0.16061732,0.220054478608017,23080.0,33466.0,0,28090.78076888
10389,0.24,0.1553816,0.2115616235687028,203302.0,282589.8,1,238680.54473231998
10390,0.18,0.0,0.0,21680.0,28834.4,0,28834.4
10391,0.18,0.0,0.0,65502.0,87117.7,0,87117.7
10392,0.3,0.16611373,0.2290849440415896,36242.0,52550.9,0,43821.473986143006
10393,0.24,0.0,0.0,182469.0,253631.9,0,253631.9
10394,0.24,0.1644101,0.2262732172803908,79194.0,110079.7,1,91981.48551503
10395,0.24,0.15971518,0.2185835714609244,211239.0,293622.2,1,246726.277475004
10396,0.24,0.16031317,0.2195582196995991,129584.0,180121.8,1,151245.903255894
10397,0.24,0.0,0.0,22940.0,31886.6,0,31886.6
10398,0.24,0.15859428,0.2167603780967878,14560.0,20238.4,1,17028.705523648
10399,0.24,0.0,0.0,175428.0,243844.9,0,243844.9
10400,0.24,0.0,0.0,284768.0,395827.5,0,395827.5
10401,0.18,0.0,0.0,21618.0,28751.9,0,28751.9
10402,0.24,0.16958398,0.2348480427918526,93270.0,129645.3,1,107659.534037706
10403,0.24,0.15006122,0.2030386270879414,114513.0,159173.1,1,135287.39042281802
10404,0.24,0.0,0.0,150088.0,208622.3,0,208622.3
10405,0.24,0.16787203,0.2319989730666066,246031.0,341983.1,1,284573.70277730696
10406,0.24,0.0,0.0,183312.0,254803.7,0,254803.7
10407,0.24,0.0,0.0,89796.0,124816.4,0,124816.4
10408,0.24,0.0,0.0,131887.0,183322.9,0,183322.9
10409,0.24,0.1614075,0.221345438934882,258640.0,359509.6,1,301482.05423799995
10410,0.3,0.16430612,0.2261019764797128,240680.0,348986.0,0,291645.46440568
10411,0.24,0.1554148,0.2116151455175864,30753.0,42746.7,1,36103.23016884
10412,0.18,0.0,0.0,72680.0,96664.4,0,96664.4
10413,0.24,0.15478079,0.2105937801626634,296316.0,411879.2,1,348128.212039432
10414,0.24,0.16214627,0.2225546104568873,28800.0,40032.0,1,33540.96051936
10415,0.24,0.0,0.0,124728.0,173371.9,0,173371.9
10416,0.18,0.0,0.0,105468.0,140272.4,0,140272.4
10417,0.18,0.0,0.0,105525.0,140348.2,0,140348.2
10418,0.24,0.15360717,0.2087071620160108,398960.0,554554.4,1,469370.86800495203
10419,0.3,0.16266856,0.223410748795005,46506.0,67433.7,0,56464.357125528
10420,0.24,0.15960498,0.2184041107240259,29460.0,40949.4,1,34413.671831988
10421,0.24,0.16939229,0.234528443637972,179256.0,249165.8,1,206959.03454831798
10422,0.18,0.0,0.0,38472.0,51167.8,0,51167.8
10423,0.24,0.15158658,0.2054712512680434,47460.0,65969.4,1,55969.32426934799
10424,0.24,0.0,0.0,94176.0,130904.6,0,130904.6
10425,0.24,0.0,0.0,146700.0,203913.0,0,203913.0
10426,0.24,0.16789702,0.2320404777302924,49704.0,69088.6,1,57488.829944028
10427,0.24,0.16627288,0.2293481972854618,303904.0,422426.6,1,352188.512629392
10428,0.24,0.0,0.0,186645.0,259436.6,0,259436.6
10429,0.24,0.0,0.0,108528.0,150853.9,0,150853.9
10430,0.24,0.15827112,0.2162356458530921,116040.0,161295.6,1,135767.164736928
10431,0.24,0.16475742,0.2268455147485415,102130.0,141960.7,1,118571.62132660602
10432,0.24,0.15514602,0.2111819642490172,210254.0,292253.1,1,246911.194702338
10433,0.18,0.0,0.0,369398.0,491299.3,0,491299.3
10434,0.24,0.0,0.0,107992.0,150108.9,0,150108.9
10435,0.12,0.0,0.0,31089.0,39483.0,0,39483.0
10436,0.24,0.15058923,0.2038797018078779,273809.0,380594.5,1,323281.067302765
10437,0.18,0.0,0.0,310128.0,412470.2,0,412470.2
10438,0.24,0.16146512,0.2214396710605528,214332.0,297921.5,1,249817.56925192
10439,0.18,0.0,0.0,63480.0,84428.4,0,84428.4
10440,0.24,0.16769192,0.2316999109272133,254310.0,353490.9,1,294213.332276472
10441,0.18,0.0,0.0,37468.0,49832.4,0,49832.4
10442,0.24,0.0,0.0,23432.0,32570.5,0,32570.5
10443,0.24,0.16121866,0.2210366995050224,299232.0,415932.5,1,348876.41969954997
10444,0.18,0.0,0.0,59080.0,78576.4,0,78576.4
10445,0.24,0.1652824,0.2277114559462984,356364.0,495346.0,1,413474.0242896
10446,0.24,0.16654518,0.2297988474048298,49584.0,68921.8,1,57443.206413076005
10447,0.18,0.0,0.0,111480.0,148268.4,0,148268.4
10448,0.24,0.1672593,0.2309820992296882,61740.0,85818.6,1,71464.64103702
10449,0.24,0.0,0.0,170920.0,237578.8,0,237578.8
10450,0.18,0.0,0.0,135905.0,180753.6,0,180753.6
10451,0.24,0.1653664,0.2278501129118215,58305.0,81044.0,1,67642.0454784
10452,0.24,0.0,0.0,85446.0,118769.9,0,118769.9
10453,0.24,0.0,0.0,214280.0,297849.2,0,297849.2
10454,0.24,0.16347416,0.2247333854026554,91788.0,127585.3,1,106728.400254152
10455,0.24,0.15663242,0.2135809903909276,30834.0,42859.3,1,36146.144121494006
10456,0.24,0.16164199,0.2217290063227285,97092.0,134957.9,1,113143.036477779
10457,0.24,0.0,0.0,163955.0,227897.4,0,227897.4
10458,0.3,0.15478125,0.2105945206492401,93955.0,136234.8,0,115148.20736249999
10459,0.18,0.0,0.0,224256.0,298260.5,0,298260.5
10460,0.24,0.0,0.0,125444.0,174367.2,0,174367.2
10461,0.12,0.0,0.0,99398.0,126235.5,0,126235.5
10462,0.24,0.0,0.0,32832.0,45636.5,0,45636.5
10463,0.24,0.16419768,0.225923436058421,125818.0,174887.0,1,146170.96033784
10464,0.18,0.1529634,0.2076745089881592,41785.0,55574.0,1,47073.2120084
10465,0.18,0.16991334,0.2353975198204004,272244.0,362084.5,1,300561.51324277
10466,0.18,0.0,0.0,82725.0,110024.2,0,110024.2
10467,0.24,0.0,0.0,19965.0,27751.4,0,27751.4
10468,0.24,0.1612873,0.2211489047441394,122460.0,170219.4,1,142765.17256638
10469,0.18,0.0,0.0,288541.0,383759.5,0,383759.5
10470,0.24,0.16522445,0.2276158154128975,104531.0,145298.1,1,121291.30134145501
10471,0.18,0.0,0.0,416829.0,554382.6,0,554382.6
10472,0.24,0.0,0.0,63322.0,88017.6,0,88017.6
10473,0.24,0.16936669,0.2344857726690492,44352.0,61649.3,1,51207.96211818301
10474,0.24,0.0,0.0,88968.0,123665.5,0,123665.5
10475,0.3,0.16074133,0.2202569197170165,17904.0,25960.8,0,21787.826480136
10476,0.24,0.16705738,0.230647324782108,120267.0,167171.1,1,139243.934022282
10477,0.24,0.15804487,0.2158685113065348,169720.0,235910.8,1,198626.308282404
10478,0.18,0.0,0.0,284520.0,378411.6,0,378411.6
10479,0.18,0.15363763,0.2087560609529461,17380.0,23115.4,1,19564.004727498002
10480,0.18,0.0,0.0,34928.0,46454.2,0,46454.2
10481,0.18,0.0,0.0,70755.0,94104.2,0,94104.2
10482,0.24,0.16727889,0.2310145872247671,101860.0,141585.4,1,117901.151447794
10483,0.18,0.0,0.0,21588.0,28712.0,0,28712.0
10484,0.3,0.15924977,0.217825971335149,34506.0,50033.7,0,42065.844782751
10485,0.24,0.0,0.0,330106.0,458847.3,0,458847.3
10486,0.24,0.0,0.0,32747.0,45518.3,0,45518.3
10487,0.24,0.0,0.0,34640.0,48149.6,0,48149.6
10488,0.24,0.0,0.0,117467.0,163279.1,0,163279.1
10489,0.3,0.1598502,0.2188035157539761,159876.0,231820.2,0,194763.69466596004
10490,0.18,0.0,0.0,79620.0,105894.6,0,105894.6
10491,0.24,0.15014943,0.2031790653502767,198850.0,276401.5,1,234899.97232385498
10492,0.24,0.15014833,0.2031773138717253,73485.0,102144.2,1,86807.418950814
10493,0.24,0.16756846,0.2314949875637822,291940.0,405796.6,1,337797.88866476394
10494,0.24,0.1564015,0.2132077344850659,15432.0,21450.5,1,18095.60962425
10495,0.18,0.0,0.0,278895.0,370930.4,0,370930.4
10496,0.24,0.1680714,0.2323301663147534,54474.0,75718.9,1,62992.71847054
10497,0.24,0.16373345,0.2251596306225569,185280.0,257539.2,1,215371.41827376
10498,0.24,0.16339684,0.224606330676542,30324.0,42150.4,1,35263.157835264
10499,0.24,0.0,0.0,57610.0,80077.9,0,80077.9
10500,0.24,0.15857515,0.2167293044649205,239358.0,332707.6,1,279948.44242385996
10501,0.18,0.0,0.0,191830.0,255133.9,0,255133.9
10502,0.18,0.0,0.0,211092.0,280752.4,0,280752.4
10503,0.24,0.16603075,0.2289477249910593,172414.0,239655.5,1,199865.317593375
10504,0.18,0.0,0.0,332241.0,441880.5,0,441880.5
10505,0.24,0.16080914,0.2203676419926689,29169.0,40544.9,1,34024.909499614
10506,0.18,0.15914705,0.2176588754311918,308370.0,410132.1,1,344860.78617469495
10507,0.18,0.0,0.0,229976.0,305868.1,0,305868.1
10508,0.24,0.0,0.0,41103.0,57133.2,0,57133.2
10509,0.24,0.0,0.0,58765.0,81683.3,0,81683.3
10510,0.3,0.1653945,0.2278965031982175,156611.0,227086.0,0,189527.224573
10511,0.3,0.16490225,0.2270842994128532,21696.0,31459.2,0,26271.5071368
10512,0.24,0.0,0.0,147520.0,205052.8,0,205052.8
10513,0.24,0.0,0.0,99936.0,138911.0,0,138911.0
10514,0.18,0.0,0.0,57636.0,76655.9,0,76655.9
10515,0.24,0.16812123,0.2324129686588827,121788.0,169285.3,1,140824.847143081
10516,0.24,0.1585612,0.2167066458071581,128808.0,179043.1,1,150653.81121227998
10517,0.3,0.1655808,0.228204144871067,282131.0,409090.0,0,341352.550528
10518,0.24,0.0,0.0,177800.0,247142.0,0,247142.0
10519,0.24,0.15209627,0.2062860491249401,37695.0,52396.0,1,44426.76383708
10520,0.24,0.15005268,0.2030250321867006,51110.0,71042.9,1,60382.722460028
10521,0.24,0.0,0.0,315588.0,438667.3,0,438667.3
10522,0.24,0.16032788,0.2195822126379519,189740.0,263738.6,1,221453.949387832
10523,0.24,0.15705188,0.2142595228755003,76072.0,105740.1,1,89133.418503612
10524,0.24,0.15575632,0.2121659566347005,254604.0,353899.6,1,298777.500654528
10525,0.24,0.0,0.0,184580.0,256566.2,0,256566.2
10526,0.24,0.15944098,0.2181371237917357,22864.0,31781.0,1,26713.80621462
10527,0.12,0.0,0.0,216593.0,275073.1,0,275073.1
10528,0.24,0.16823223,0.2325974526519582,198638.0,276106.8,1,229656.737317836
10529,0.24,0.0,0.0,165024.0,229383.4,0,229383.4
10530,0.24,0.0,0.0,215802.0,299964.8,0,299964.8
10531,0.18,0.1504869,0.2037166172010766,251580.0,334601.4,1,284248.27257834
10532,0.3,0.1641268,0.2258067611211843,116608.0,169081.6,0,141330.77805312
10533,0.24,0.16587347,0.2286877153997246,34272.0,47638.1,1,39736.203048793
10534,0.24,0.16695271,0.230473850410101,188560.0,262098.4,1,218340.361833336
10535,0.18,0.0,0.0,101970.0,135620.1,0,135620.1
10536,0.24,0.0,0.0,19038.0,26462.8,0,26462.8
10537,0.18,0.0,0.0,279378.0,371572.7,0,371572.7
10538,0.24,0.1641814,0.2258966359446894,211692.0,294251.9,1,245941.21110534001
10539,0.24,0.15493433,0.2108409864762345,50175.0,69743.2,1,58937.584035944
10540,0.24,0.155129,0.2111545431196005,209016.0,290532.2,1,245462.23034620003
10541,0.18,0.0,0.0,139902.0,186069.7,0,186069.7
10542,0.24,0.15317394,0.2080120573993673,312096.0,433813.4,1,367364.492297204
10543,0.18,0.0,0.0,29398.0,39099.3,0,39099.3
10544,0.24,0.0,0.0,111354.0,154782.1,0,154782.1
10545,0.24,0.15833984,0.2163471964741683,220600.0,306634.0,1,258081.62150144
10546,0.18,0.0,0.0,358302.0,476541.7,0,476541.7
10547,0.24,0.15231897,0.2066423681794555,31647.0,43989.3,1,37288.895132979
10548,0.3,0.16763502,0.2316054587015421,150780.0,218631.0,0,181980.78794238
10549,0.12,0.0,0.0,85595.0,108705.6,0,108705.6
10550,0.3,0.16422427,0.2259672107252984,289770.0,420166.5,0,351164.963259045
10551,0.24,0.15521118,0.2112869545314294,216680.0,301185.2,1,254437.889709464
10552,0.18,0.0,0.0,21375.0,28428.7,0,28428.7
10553,0.3,0.1695445,0.2347822068732159,179296.0,259979.2,0,215901.1565256
10554,0.3,0.16701677,0.2305800147981371,154192.0,223578.4,0,186237.05779023198
10555,0.24,0.0,0.0,44844.0,62333.2,0,62333.2
10556,0.18,0.0,0.0,35104.0,46688.3,0,46688.3
10557,0.24,0.16950925,0.234723430092388,68268.0,94892.5,1,78807.343494375
10558,0.24,0.15326166,0.2081527440932933,205614.0,285803.5,1,242000.78115619
10559,0.24,0.1652012,0.2275774474040931,92820.0,129019.8,1,107705.57421624
10560,0.24,0.16486497,0.227022827075042,55971.0,77799.7,1,64973.254793490996
10561,0.24,0.0,0.0,307728.0,427741.9,0,427741.9
10562,0.24,0.16695449,0.2304768001210401,65416.0,90928.2,1,75747.328742382
10563,0.24,0.15385109,0.2090988375793096,117408.0,163197.1,1,138089.04828016102
10564,0.18,0.0,0.0,137324.0,182640.9,0,182640.9
10565,0.24,0.15660584,0.2135380164358738,202367.0,281290.1,1,237238.427605816
10566,0.3,0.16627531,0.2293522175767638,159848.0,231779.6,0,193240.375158324
10567,0.18,0.0,0.0,234264.0,311571.1,0,311571.1
10568,0.3,0.16584861,0.228646626723238,114320.0,165764.0,0,138272.27101196
10569,0.24,0.0,0.0,13680.0,19015.2,0,19015.2
10570,0.24,0.16534898,0.2278213558044893,9252.0,12860.3,1,10733.862512505999
10571,0.24,0.15774848,0.2153878594365731,206420.0,286923.8,1,241662.006674176
10572,0.24,0.16677913,0.2301862644175006,172206.0,239366.3,1,199444.996734681
10573,0.24,0.15689388,0.2140038575452399,175336.0,243717.0,1,205479.29424803998
10574,0.18,0.0,0.0,14136.0,18800.9,0,18800.9
10575,0.12,0.0,0.0,150480.0,191109.6,0,191109.6
10576,0.18,0.0,0.0,208905.0,277843.6,0,277843.6
10577,0.24,0.16767627,0.2316739311277356,33488.0,46548.3,1,38743.25468115901
10578,0.24,0.15199599,0.2061256626604865,220612.0,306650.7,1,260041.023269307
10579,0.24,0.15450165,0.210144582186352,275884.0,383478.8,1,324230.69265998
10580,0.3,0.1613833,0.2213058659575942,107772.0,156269.4,0,131050.12853897999
10581,0.18,0.0,0.0,418824.0,557035.9,0,557035.9
10582,0.18,0.0,0.0,77420.0,102968.6,0,102968.6
10583,0.24,0.15704513,0.214248598504449,25296.0,35161.4,1,29639.473366018003
10584,0.24,0.15436225,0.2099203677934197,202335.0,281245.6,1,237831.89638139997
10585,0.24,0.16605353,0.2289853921918994,14500.0,20155.0,1,16808.19110285
10586,0.24,0.0,0.0,27682.0,38478.0,0,38478.0
10587,0.18,0.0,0.0,197610.0,262821.3,0,262821.3
10588,0.18,0.0,0.0,188070.0,250133.1,0,250133.1
10589,0.3,0.16370343,0.2251102674019097,76518.0,110951.1,0,92788.024367727
10590,0.24,0.15677169,0.2138062033282539,198495.0,275908.0,1,232653.43655548
10591,0.3,0.16387272,0.2253886848423364,59815.0,86731.8,0,72518.824023504
10592,0.24,0.16562063,0.2282699349337941,17532.0,24369.5,1,20333.408057214998
10593,0.24,0.1678513,0.2319645455193284,105469.0,146601.9,1,121994.58050252999
10594,0.24,0.16441356,0.2262789161585723,142296.0,197791.4,1,165271.811788616
10595,0.24,0.15596299,0.2124994951346979,24783.0,34448.4,1,29075.724535284
10596,0.18,0.0,0.0,157780.0,209847.4,0,209847.4
10597,0.24,0.0,0.0,142006.0,197388.3,0,197388.3
10598,0.24,0.1537537,0.2089424260998246,99648.0,138510.7,1,117214.16738541001
10599,0.24,0.16429734,0.226087518974751,79852.0,110994.3,1,92758.23175483801
10600,0.18,0.0,0.0,359340.0,477922.2,0,477922.2
10601,0.24,0.15877643,0.2170563224946253,34120.0,47426.8,1,39896.542009676006
10602,0.3,0.0,0.0,55592.0,80608.4,0,80608.4
10603,0.18,0.0,0.0,162405.0,215998.6,0,215998.6
10604,0.24,0.16723138,0.2309357994300987,314347.0,436942.3,1,363871.83619062597
10605,0.18,0.0,0.0,92134.0,122538.2,0,122538.2
10606,0.24,0.16903839,0.2339387838867789,27000.0,37530.0,1,31185.9892233
10607,0.24,0.0,0.0,76167.0,105872.1,0,105872.1
10608,0.24,0.16501777,0.2272748193695091,163262.0,226934.2,1,189486.02437926602
10609,0.24,0.1680416,0.2322806524941631,84174.0,117001.9,1,97340.71352096
10610,0.24,0.0,0.0,32166.0,44710.7,0,44710.7
10611,0.24,0.15284024,0.2074771304057217,58472.0,81276.1,1,68853.84136973601
10612,0.24,0.16679488,0.2302123539519294,393036.0,546320.0,1,455196.6211584
10613,0.18,0.0,0.0,64025.0,85153.2,0,85153.2
10614,0.24,0.1586602,0.2168674654402418,184076.0,255865.6,1,215269.91273088
10615,0.24,0.16988695,0.2353534768547488,38320.0,53264.8,1,44215.80558564
10616,0.24,0.15949155,0.2182194390788099,357941.0,497538.0,1,418184.89319609996
10617,0.18,0.0,0.0,76596.0,101872.7,0,101872.7
10618,0.3,0.16250587,0.223143952662689,328833.0,476807.8,0,399323.733638214
10619,0.24,0.15075952,0.2041511822422785,162876.0,226397.6,1,192266.006494848
10620,0.24,0.1658814,0.2287008226408089,30564.0,42484.0,1,35436.6946024
10621,0.18,0.0,0.0,76176.0,101314.1,0,101314.1
10622,0.24,0.0,0.0,222144.0,308780.2,0,308780.2
10623,0.24,0.0,0.0,171441.0,238303.0,0,238303.0
10624,0.24,0.16312622,0.2241618240208219,228800.0,318032.0,1,266152.64200096
10625,0.24,0.0,0.0,75075.0,104354.2,0,104354.2
10626,0.24,0.15098421,0.2045095551167548,23904.0,33226.6,1,28209.908048013996
10627,0.18,0.0,0.0,38050.0,50606.5,0,50606.5
10628,0.24,0.16169114,0.2218094307150709,175406.0,243814.3,1,204391.68788469798
10629,0.3,0.16540089,0.2279070528843483,395840.0,573968.0,0,479033.18196848
10630,0.24,0.1664233,0.2295971024621968,16656.0,23151.8,1,19298.80104306
10631,0.18,0.0,0.0,57183.0,76053.4,0,76053.4
10632,0.24,0.16446978,0.2263715213077511,150100.0,208639.0,1,174324.18957058
10633,0.24,0.0,0.0,20136.0,27989.0,0,27989.0
10634,0.24,0.0,0.0,421586.0,586004.5,0,586004.5
10635,0.24,0.0,0.0,286251.0,397888.9,0,397888.9
10636,0.24,0.0,0.0,227400.0,316086.0,0,316086.0
10637,0.18,0.0,0.0,110724.0,147262.9,0,147262.9
10638,0.24,0.16247874,0.223099472125639,2978.0,4139.4,1,3466.8355036439993
10639,0.18,0.0,0.0,221546.0,294656.2,0,294656.2
10640,0.24,0.0,0.0,210273.0,292279.5,0,292279.5
10641,0.3,0.16579877,0.2285642584104077,40376.0,58545.2,0,48838.477850596
10642,0.24,0.16518527,0.2275511603634498,272256.0,378435.8,1,315923.78019933397
10643,0.24,0.16403277,0.2256520097085621,208280.0,289509.2,1,242020.20398351602
10644,0.18,0.0,0.0,112800.0,150024.0,0,150024.0
10645,0.18,0.0,0.0,146591.0,194966.0,0,194966.0
10646,0.18,0.0,0.0,80240.0,106719.2,0,106719.2
10647,0.18,0.0,0.0,217635.0,289454.6,0,289454.6
10648,0.24,0.15821493,0.2161444482497176,19368.0,26921.5,1,22662.116762005
10649,0.24,0.0,0.0,79064.0,109899.0,0,109899.0
10650,0.24,0.0,0.0,117762.0,163689.2,0,163689.2
10651,0.24,0.1539018,0.2091802937294985,54891.0,76298.5,1,64556.023512700005
10652,0.18,0.0,0.0,128970.0,171530.1,0,171530.1
10653,0.24,0.0,0.0,270774.0,376375.9,0,376375.9
10654,0.18,0.0,0.0,22320.0,29685.6,0,29685.6
10655,0.24,0.0,0.0,97130.0,135010.7,0,135010.7
10656,0.24,0.1596319,0.2184479456085969,195380.0,271578.2,1,228225.65593542
10657,0.24,0.1694026,0.2345456294469497,70630.0,98175.7,1,81544.48116318
10658,0.24,0.0,0.0,76808.0,106763.1,0,106763.1
10659,0.24,0.0,0.0,132160.0,183702.4,0,183702.4
10660,0.24,0.0,0.0,135083.0,187765.4,0,187765.4
10661,0.24,0.0,0.0,252672.0,351214.1,0,351214.1
10662,0.24,0.15433975,0.2098841851677431,86178.0,119787.4,1,101299.44263085
10663,0.24,0.16454585,0.2264968430643379,109044.0,151571.2,1,126630.78806048002
10664,0.24,0.0,0.0,124938.0,173663.8,0,173663.8
10665,0.12,0.0,0.0,21576.0,27401.5,0,27401.5
10666,0.24,0.0,0.0,98924.0,137504.4,0,137504.4
10667,0.24,0.0,0.0,230634.0,320581.3,0,320581.3
10668,0.24,0.0,0.0,133836.0,186032.0,0,186032.0
10669,0.24,0.16404957,0.2256796560293652,5658.0,7864.6,1,6574.415751778
10670,0.24,0.0,0.0,365862.0,508548.2,0,508548.2
10671,0.24,0.0,0.0,137616.0,191286.2,0,191286.2
10672,0.24,0.0,0.0,86575.0,120339.2,0,120339.2
10673,0.24,0.0,0.0,152295.0,211690.0,0,211690.0
10674,0.24,0.16030914,0.219551646661963,146394.0,203487.7,1,170866.76181242202
10675,0.24,0.15948834,0.2182142137088259,8772.0,12193.1,1,10248.442721546
10676,0.24,0.16513619,0.2274701768423761,215625.0,299718.8,1,250224.37929662797
10677,0.24,0.0,0.0,106106.0,147487.3,0,147487.3
10678,0.24,0.15423475,0.20971535836924,44655.0,62070.4,1,52496.9873736
10679,0.24,0.16588832,0.2287122606891201,297318.0,413272.0,1,344715.00221696
10680,0.18,0.0,0.0,149520.0,198861.6,0,198861.6
10681,0.24,0.15094523,0.2044473697497748,152608.0,212125.1,1,180105.82799172698
10682,0.18,0.0,0.0,172731.0,229732.2,0,229732.2
10683,0.24,0.16352813,0.2248220845729097,25720.0,35750.8,1,29904.538529996003
10684,0.18,0.0,0.0,356780.0,474517.4,0,474517.4
10685,0.24,0.16589056,0.2287159632194068,113288.0,157470.3,1,131347.46374963198
10686,0.18,0.0,0.0,66240.0,88099.2,0,88099.2
10687,0.24,0.0,0.0,320397.0,445351.8,0,445351.8
10688,0.18,0.0,0.0,57442.0,76397.9,0,76397.9
10689,0.24,0.16042092,0.2197339862255739,225901.0,314002.4,1,263629.846109792
10690,0.24,0.16518047,0.2275432397945936,157590.0,219050.1,1,182867.301528453
10691,0.24,0.16424914,0.2260081563062944,18300.0,25437.0,1,21258.99462582
10692,0.24,0.1632748,0.2244058383803905,244321.0,339606.2,1,284157.06561624
10693,0.18,0.0,0.0,60287.0,80181.7,0,80181.7
10694,0.24,0.16784865,0.2319601446299403,308256.0,428475.8,1,356556.71541233
10695,0.24,0.16998951,0.2355246576461941,62745.0,87215.5,1,72389.779890595
10696,0.3,0.16721025,0.2309007615667699,21402.0,31032.9,0,25843.881032775
10697,0.24,0.0,0.0,35200.0,48928.0,0,48928.0
10698,0.3,0.16342105,0.2246461108063977,309936.0,449407.2,0,375964.60349844
10699,0.24,0.1648197,0.2269481871160035,129888.0,180544.3,1,150787.04263729
10700,0.24,0.16829506,0.2327018990653102,50388.0,70039.3,1,58252.031804142
10701,0.3,0.16814455,0.2324517228323743,20547.0,29793.2,0,24783.63579294
10702,0.24,0.15928943,0.2178904976774588,313434.0,435673.3,1,366275.14837678097
10703,0.18,0.15851708,0.2166349876715263,77990.0,103726.7,1,87284.246397964
10704,0.24,0.0,0.0,188692.0,262281.9,0,262281.9
10705,0.24,0.16829866,0.2327078840584771,157960.0,219564.4,1,182612.005696296
10706,0.24,0.1678458,0.231955411629239,139845.0,194384.6,1,161757.96130532
10707,0.24,0.0,0.0,84791.0,117859.5,0,117859.5
10708,0.24,0.15847042,0.2165592123333322,114126.0,158635.1,1,133496.12907625802
10709,0.24,0.0,0.0,81970.0,113938.3,0,113938.3
10710,0.18,0.0,0.0,9282.0,12345.1,0,12345.1
10711,0.24,0.15909423,0.2175729683719496,80801.0,112313.4,1,94444.986108318
10712,0.24,0.0,0.0,138608.0,192665.1,0,192665.1
10713,0.24,0.0,0.0,393380.0,546798.2,0,546798.2
10714,0.18,0.0,0.0,50346.0,66960.2,0,66960.2
10715,0.24,0.16173881,0.22188744238535,78092.0,108547.9,1,90991.49182600099
10716,0.3,0.16811042,0.2323950048755268,40922.0,59336.9,0,49361.748819502005
10717,0.3,0.15875575,0.2170227166485833,121387.0,176011.2,0,148068.4099356
10718,0.3,0.15742956,0.2148710486449061,31576.0,45785.2,0,38577.256109488
10719,0.24,0.1634437,0.2246833297412259,77756.0,108080.8,1,90415.67414904
10720,0.24,0.0,0.0,121320.0,168634.8,0,168634.8
10721,0.24,0.0,0.0,173151.0,240679.9,0,240679.9
10722,0.24,0.0,0.0,78348.0,108903.7,0,108903.7
10723,0.18,0.0,0.0,36380.0,48385.4,0,48385.4
10724,0.24,0.1532422,0.2081215313280846,62370.0,86694.3,1,73409.07474054
10725,0.24,0.0,0.0,20584.0,28611.8,0,28611.8
10726,0.18,0.0,0.0,28888.0,38421.0,0,38421.0
10727,0.18,0.0,0.0,130728.0,173868.2,0,173868.2
10728,0.24,0.15316081,0.2079910018099186,11664.0,16213.0,1,13729.80378747
10729,0.24,0.16563106,0.2282871639493195,48945.0,68033.5,1,56765.03927949
10730,0.24,0.15422308,0.2096965970648618,239364.0,332716.0,1,281403.51371472003
10731,0.18,0.0,0.0,57750.0,76807.5,0,76807.5
10732,0.24,0.15863998,0.216834616172991,15631.0,21727.1,1,18280.313290542
10733,0.24,0.15909939,0.2175813601800097,11288.0,15690.3,1,13193.982841083
10734,0.24,0.15791588,0.2156592882905806,248625.0,345588.8,1,291014.840529856
10735,0.3,0.16447483,0.2263798402386846,101894.0,147746.3,0,123445.75242437099
10736,0.24,0.15789653,0.2156279079339265,13658.0,18984.6,1,15986.997536561998
10737,0.24,0.16580357,0.2285721907249111,317163.0,440856.6,1,367761.001861938
10738,0.18,0.0,0.0,47035.0,62556.6,0,62556.6
10739,0.24,0.15484169,0.210691821157151,51389.0,71430.7,1,60370.249694116996
10740,0.18,0.0,0.0,16362.0,21761.5,0,21761.5
10741,0.24,0.0,0.0,276808.0,384763.1,0,384763.1
10742,0.24,0.16349164,0.2247621123595225,33313.0,46305.1,1,38734.603260636
10743,0.18,0.0,0.0,45364.0,60334.1,0,60334.1
10744,0.24,0.15695117,0.2140965494252568,336946.0,468354.9,1,394846.050469767
10745,0.18,0.0,0.0,85911.0,114261.6,0,114261.6
10746,0.24,0.15864503,0.2168428202189142,96832.0,134596.5,1,113243.434219605
10747,0.3,0.16782984,0.2319289074244143,85610.0,124134.5,0,103301.02672652
10748,0.24,0.0,0.0,130283.0,181093.4,0,181093.4
10749,0.3,0.16661571,0.229915620919612,71730.0,104008.5,0,86679.049926465
10750,0.18,0.0,0.0,65088.0,86567.0,0,86567.0
10751,0.24,0.0,0.0,7260.0,10091.4,0,10091.4
10752,0.24,0.0,0.0,261240.0,363123.6,0,363123.6
10753,0.3,0.16615975,0.2291610563294349,109604.0,158925.8,0,132518.72880344998
10754,0.24,0.0,0.0,121000.0,168190.0,0,168190.0
10755,0.24,0.0,0.0,236190.0,328304.1,0,328304.1
10756,0.3,0.16928372,0.2343474934667224,16608.0,24081.6,0,20004.977168447997
10757,0.18,0.0,0.0,48576.0,64606.1,0,64606.1
10758,0.3,0.165718,0.2284307943836737,122208.0,177201.6,0,147836.1052512
10759,0.24,0.0,0.0,7200.0,10008.0,0,10008.0
10760,0.24,0.0,0.0,116559.0,162017.0,0,162017.0
10761,0.18,0.0,0.0,40512.0,53881.0,0,53881.0
10762,0.3,0.16464028,0.2266524438118705,70300.0,101935.0,0,85152.3930582
10763,0.18,0.15748176,0.2149556121182611,25083.0,33360.4,1,28106.745493696002
10764,0.24,0.0,0.0,29858.0,41502.6,0,41502.6
10765,0.18,0.0,0.0,81070.0,107823.1,0,107823.1
10766,0.24,0.1609129,0.2205370991879151,204516.0,284277.2,1,238533.33134412
10767,0.24,0.15797067,0.215748150364311,241640.0,335879.6,1,282820.47454866796
10768,0.24,0.15468724,0.2104432044773582,161445.0,224408.6,1,189695.453033736
10769,0.12,0.0,0.0,235270.0,298792.9,0,298792.9
10770,0.18,0.16788454,0.2320197499995973,21876.0,29095.1,1,24210.482520245998
10771,0.12,0.0,0.0,55165.0,70059.6,0,70059.6
10772,0.24,0.0,0.0,383460.0,533009.4,0,533009.4
10773,0.24,0.0,0.0,297103.0,412973.2,0,412973.2
10774,0.24,0.0,0.0,15040.0,20905.6,0,20905.6
10775,0.24,0.15043446,0.2036330581393402,327693.0,455493.3,1,386971.41138088197
10776,0.24,0.15990266,0.2188889908876511,338289.0,470221.7,1,395031.999380278
10777,0.24,0.0,0.0,232288.0,322880.3,0,322880.3
10778,0.24,0.0,0.0,70828.0,98450.9,0,98450.9
10779,0.24,0.16804828,0.2322917512569119,6498.0,9032.2,1,7514.354325384
10780,0.24,0.16399267,0.2255860250651153,122432.0,170180.5,1,142272.145423065
10781,0.18,0.0,0.0,347644.0,462366.5,0,462366.5
10782,0.24,0.16416746,0.2258736887654553,135360.0,188150.4,1,157262.22673401597
10783,0.24,0.15586716,0.2123448176711143,237804.0,330547.6,1,279026.08434318396
10784,0.24,0.15180689,0.2058233218848005,178434.0,248023.3,1,210371.654179463
10785,0.24,0.0,0.0,31584.0,43901.8,0,43901.8
10786,0.24,0.16758972,0.2315302713464807,165927.0,230638.5,1,191985.85836378
10787,0.18,0.0,0.0,212364.0,282444.1,0,282444.1
10788,0.24,0.16143079,0.221383525994235,76544.0,106396.2,1,89220.57738100199
10789,0.18,0.15341663,0.2084013586281524,66300.0,88179.0,1,74650.87498323001
10790,0.24,0.1541763,0.2096213962791537,147152.0,204541.3,1,173005.87916880997
10791,0.24,0.0,0.0,268974.0,373873.9,0,373873.9
10792,0.3,0.16947936,0.2346735946261371,63462.0,92019.9,0,76424.426240736
10793,0.24,0.16709694,0.2307129007306083,146454.0,203571.1,1,169554.992117566
10794,0.24,0.0,0.0,207624.0,288597.4,0,288597.4
10795,0.24,0.16582291,0.2286041522669962,108300.0,150537.0,1,125574.51659733
10796,0.24,0.0,0.0,21400.0,29746.0,0,29746.0
10797,0.24,0.1530216,0.2077678013984771,105791.0,147049.5,1,124547.7502308
10798,0.24,0.15537764,0.21155523990627,55172.0,76689.1,1,64773.32862827601
10799,0.24,0.15342464,0.2084142113467607,282900.0,393231.0,1,332899.67538816
10800,0.18,0.0,0.0,88455.0,117645.1,0,117645.1
10801,0.18,0.0,0.0,92386.0,122873.4,0,122873.4
10802,0.24,0.0,0.0,373787.0,519563.9,0,519563.9
10803,0.24,0.0,0.0,42154.0,58594.1,0,58594.1
10804,0.18,0.0,0.0,281333.0,374172.9,0,374172.9
10805,0.24,0.16657104,0.2298416604097846,22878.0,31800.4,1,26503.374299584
10806,0.24,0.16748251,0.2313523605371943,34488.0,47938.3,1,39909.473190867
10807,0.24,0.16157855,0.2216252130715405,236868.0,329246.5,1,276047.327937425
10808,0.24,0.16387504,0.2253925011400208,69472.0,96566.1,1,80741.326499856
10809,0.24,0.16677125,0.2301732117380732,25403.0,35310.2,1,29421.473808249997
10810,0.24,0.15228938,0.2065950135200618,100806.0,140120.3,1,118781.46638758598
10811,0.24,0.0,0.0,179151.0,249019.9,0,249019.9
10812,0.3,0.15449311,0.2101308441141147,70632.0,102416.4,0,86593.771848996
10813,0.3,0.16954279,0.2347793554589042,236067.0,342297.1,0,284263.094657091
10814,0.24,0.155335,0.2114865064848194,72657.0,100993.2,1,85305.421278
10815,0.18,0.0,0.0,184393.0,245242.7,0,245242.7
10816,0.24,0.15650675,0.2133778337882372,47856.0,66519.8,1,56109.00229135
10817,0.24,0.0,0.0,102051.0,141850.9,0,141850.9
10818,0.24,0.0,0.0,17096.0,23763.4,0,23763.4
10819,0.3,0.15745284,0.2149087607155426,131175.0,190203.8,0,160255.67151120797
10820,0.24,0.0,0.0,111708.0,155274.1,0,155274.1
10821,0.24,0.0,0.0,149472.0,207766.1,0,207766.1
10822,0.18,0.0,0.0,36890.0,49063.7,0,49063.7
10823,0.24,0.0,0.0,376675.0,523578.2,0,523578.2
10824,0.18,0.0,0.0,179504.0,238740.3,0,238740.3
10825,0.24,0.0,0.0,50518.0,70220.0,0,70220.0
10826,0.18,0.0,0.0,26094.0,34705.0,0,34705.0
10827,0.18,0.0,0.0,274596.0,365212.7,0,365212.7
10828,0.3,0.1679543,0.2321356206756431,281565.0,408269.2,0,339698.63230244
10829,0.24,0.16765486,0.2316383910164958,100062.0,139086.2,1,115767.72261106802
10830,0.24,0.0,0.0,29730.0,41324.7,0,41324.7
10831,0.18,0.0,0.0,55029.0,73188.6,0,73188.6
10832,0.24,0.16958405,0.2348481595277642,188235.0,261646.6,1,217275.50990327
10833,0.18,0.0,0.0,30501.0,40566.3,0,40566.3
10834,0.3,0.16461992,0.226618891846212,44828.0,65000.6,0,54300.206428048
10835,0.24,0.0,0.0,16080.0,22351.2,0,22351.2
10836,0.24,0.15822658,0.216163355454963,144229.0,200478.3,1,168757.304226786
10837,0.3,0.16568747,0.2283803534629882,88840.0,128818.0,0,107474.47148954001
10838,0.18,0.0,0.0,89583.0,119145.4,0,119145.4
10839,0.3,0.15943336,0.2181247211999753,35278.0,51153.1,0,42997.589392584
10840,0.18,0.0,0.0,102492.0,136314.4,0,136314.4
10841,0.3,0.16596803,0.2288440268063104,93522.0,135606.9,0,113100.48995259301
10842,0.24,0.16100183,0.2206823699031428,273294.0,379878.7,1,318717.534121979
10843,0.24,0.1624486,0.2230500599724388,14718.0,20458.0,1,17134.6265412
10844,0.24,0.15630509,0.2130519591495462,36393.0,50586.3,1,42679.403825733
10845,0.24,0.16743608,0.231275325983379,196130.0,272620.7,1,226974.158665144
10846,0.18,0.0,0.0,12958.0,17234.1,0,17234.1
10847,0.24,0.15166092,0.2055900312879609,90524.0,125828.4,1,106745.149093872
10848,0.12,0.0,0.0,166096.0,210941.9,0,210941.9
10849,0.24,0.15211208,0.2063113388854507,29680.0,41255.2,1,34979.785717184
10850,0.24,0.16307965,0.2240853594968743,49136.0,68299.0,1,57160.822984649996
10851,0.18,0.0,0.0,80410.0,106945.3,0,106945.3
10852,0.24,0.0,0.0,134592.0,187082.9,0,187082.9
10853,0.18,0.0,0.0,256343.0,340936.2,0,340936.2
10854,0.3,0.15481955,0.2106561770329637,25040.0,36308.0,0,30686.8117786
10855,0.24,0.15725556,0.2145892460589832,245658.0,341464.6,1,287767.393106824
10856,0.18,0.0,0.0,55740.0,74134.2,0,74134.2
10857,0.24,0.0,0.0,15246.0,21191.9,0,21191.9
10858,0.3,0.1633695,0.2245614103239122,45448.0,65899.6,0,55133.61529780001
10859,0.24,0.0,0.0,15045.0,20912.6,0,20912.6
10860,0.24,0.15759708,0.2151424665052205,102839.0,142946.2,1,120418.29628290402
10861,0.3,0.15008138,0.2030707210532698,162848.0,236129.6,0,200690.943773152
10862,0.18,0.0,0.0,335202.0,445818.7,0,445818.7
10863,0.24,0.0,0.0,187291.0,260334.5,0,260334.5
10864,0.24,0.0,0.0,151947.0,211206.3,0,211206.3
10865,0.24,0.1672282,0.230930526225792,10380.0,14428.2,1,12015.39808476
10866,0.24,0.1625643,0.2232397603780206,73236.0,101798.0,1,85249.2793886
10867,0.24,0.0,0.0,152901.0,212532.4,0,212532.4
10868,0.24,0.16961817,0.2349050622892362,17588.0,24447.3,1,20300.593712559
10869,0.24,0.16010271,0.2192150381863954,98133.0,136404.9,1,114566.105852721
10870,0.18,0.0,0.0,53952.0,71756.2,0,71756.2
10871,0.18,0.0,0.0,294300.0,391419.0,0,391419.0
10872,0.24,0.0,0.0,77502.0,107727.8,0,107727.8
10873,0.24,0.16376199,0.2252065634997864,116718.0,162238.0,1,135669.58226638
10874,0.24,0.0,0.0,374594.0,520685.7,0,520685.7
10875,0.24,0.16241962,0.223002552901251,156240.0,217173.6,1,181900.346413968
10876,0.24,0.16132735,0.2212143826318885,129181.0,179561.6,1,150593.40291024
10877,0.24,0.15208559,0.2062689658735721,113376.0,157592.6,1,133625.03644936602
10878,0.24,0.16654001,0.2297902884336413,57792.0,80330.9,1,66952.59111069099
10879,0.24,0.0,0.0,145827.0,202699.5,0,202699.5
10880,0.3,0.16090345,0.2205216640445011,75600.0,109620.0,0,91981.76381100001
10881,0.24,0.0,0.0,110955.0,154227.4,0,154227.4
10882,0.24,0.16008466,0.2191856133976551,20124.0,27972.4,1,23494.447856616003
10883,0.24,0.16145484,0.2214228581320532,89850.0,124891.5,1,104727.16285014
10884,0.18,0.0,0.0,345021.0,458877.9,0,458877.9
10885,0.24,0.16333795,0.2245095764771451,280619.0,390060.4,1,326348.73388782
10886,0.24,0.0,0.0,138033.0,191865.9,0,191865.9
10887,0.24,0.15287545,0.2075335527697786,168528.0,234253.9,1,198442.229623245
10888,0.18,0.0,0.0,146663.0,195061.8,0,195061.8
10889,0.24,0.0,0.0,72584.0,100891.8,0,100891.8
10890,0.18,0.0,0.0,28600.0,38038.0,0,38038.0
10891,0.24,0.15167943,0.2056196096954243,51020.0,70917.8,1,60161.028519146006
10892,0.24,0.0,0.0,216780.0,301324.2,0,301324.2
10893,0.3,0.16273355,0.2235173551979779,290985.0,421928.2,0,353266.32616889
10894,0.24,0.16680837,0.2302347006294338,86240.0,119873.6,1,99877.680177968
10895,0.24,0.0,0.0,153008.0,212681.1,0,212681.1
10896,0.24,0.1641945,0.2259182010647214,50100.0,69639.0,1,58204.659214499996
10897,0.24,0.15379004,0.2090007851006622,213855.0,297258.4,1,251543.01877366402
10898,0.24,0.0,0.0,12279.0,17067.8,0,17067.8
10899,0.18,0.0,0.0,12495.0,16618.4,0,16618.4
10900,0.24,0.16022295,0.2194110835727172,215208.0,299139.1,1,251210.15093765498
10901,0.18,0.0,0.0,63104.0,83928.3,0,83928.3
10902,0.24,0.0,0.0,72114.0,100238.5,0,100238.5
10903,0.24,0.0,0.0,38346.0,53300.9,0,53300.9
10904,0.24,0.0,0.0,138390.0,192362.1,0,192362.1
10905,0.18,0.0,0.0,202827.0,269759.9,0,269759.9
10906,0.18,0.0,0.0,47568.0,63265.4,0,63265.4
10907,0.24,0.0,0.0,191646.0,266387.9,0,266387.9
10908,0.24,0.0,0.0,244205.0,339444.9,0,339444.9
10909,0.24,0.16491593,0.2271068582352433,17682.0,24578.0,1,20524.696272459998
10910,0.24,0.15142484,0.2052128959325182,73362.0,101973.2,1,86531.924505712
10911,0.24,0.0,0.0,204464.0,284205.0,0,284205.0
10912,0.3,0.16018479,0.2193488594949357,320670.0,464971.5,0,390490.137916515
10913,0.3,0.16638307,0.2295305236902997,121261.0,175828.4,0,146573.531014812
10914,0.18,0.0,0.0,7884.0,10485.7,0,10485.7
10915,0.18,0.0,0.0,56790.0,75530.7,0,75530.7
10916,0.3,0.16165492,0.2217501628327085,327960.0,475542.0,0,398668.29603336
10917,0.24,0.0,0.0,65880.0,91573.2,0,91573.2
10918,0.24,0.0,0.0,37653.0,52337.7,0,52337.7
10919,0.24,0.0,0.0,45003.0,62554.2,0,62554.2
10920,0.24,0.0,0.0,87780.0,122014.2,0,122014.2
10921,0.18,0.0,0.0,138320.0,183965.6,0,183965.6
10922,0.24,0.15223613,0.2065098026647444,119275.0,165792.2,1,140552.63708781402
10923,0.24,0.16130817,0.2211830244012272,358960.0,498954.4,1,418468.978822552
10924,0.24,0.16178456,0.2219623203313936,49540.0,68860.6,1,57720.01812766401
10925,0.24,0.0,0.0,47671.0,66262.7,0,66262.7
10926,0.24,0.15635735,0.2131363943015445,66552.0,92507.3,1,78043.10371634501
10927,0.24,0.0,0.0,171076.0,237795.6,0,237795.6
10928,0.24,0.16791221,0.2320657072735077,58576.0,81420.6,1,67749.08711447401
10929,0.24,0.0,0.0,59052.0,82082.3,0,82082.3
10930,0.24,0.15133327,0.2050666702817488,92640.0,128769.6,1,109282.47535540801
10931,0.3,0.15665342,0.2136149446411462,72748.0,105484.6,0,88960.076652668
10932,0.3,0.16376911,0.225218272551496,234024.0,339334.8,0,283762.241811972
10933,0.3,0.16287178,0.2237441559430405,312664.0,453362.8,0,379522.793778216
10934,0.24,0.15479219,0.2106121315892714,139164.0,193438.0,1,163495.30835078
10935,0.24,0.0,0.0,38595.0,53647.0,0,53647.0
10936,0.24,0.0,0.0,188132.0,261503.5,0,261503.5
10937,0.24,0.15074268,0.2041243306563433,44352.0,61649.3,1,52356.119297876
10938,0.24,0.15295658,0.2076635776239191,219060.0,304493.4,1,257919.130903428
10939,0.24,0.0,0.0,46227.0,64255.5,0,64255.5
10940,0.3,0.16851777,0.2330722515861824,228960.0,331992.0,0,276045.44850215997
10941,0.3,0.0,0.0,307800.0,446310.0,0,446310.0
10942,0.24,0.16005893,0.2191436709958711,273294.0,379878.7,1,319075.72174820903
10943,0.24,0.1632699,0.2243977896815233,408744.0,568154.2,1,475391.72058142
10944,0.24,0.0,0.0,283905.0,394627.9,0,394627.9
10945,0.24,0.0,0.0,73740.0,102498.6,0,102498.6
10946,0.24,0.0,0.0,23982.0,33335.0,0,33335.0
10947,0.18,0.0,0.0,66242.0,88101.9,0,88101.9
10948,0.3,0.16904637,0.2339520744376554,161740.0,234523.0,0,194877.73816849
10949,0.24,0.16265324,0.2233856210299304,64568.0,89749.5,1,75151.45303661999
10950,0.24,0.15650883,0.2133811957984099,80245.0,111540.6,1,94083.51119650202
10951,0.18,0.0,0.0,65096.0,86577.7,0,86577.7
10952,0.3,0.16644722,0.2296366919920775,23968.0,34753.6,0,28968.959895008
10953,0.3,0.16934662,0.2344523211354416,19565.0,28369.2,0,23564.971867896
10954,0.24,0.15642412,0.2132442881131215,198674.0,276156.9,1,232959.299935572
10955,0.24,0.0,0.0,50244.0,69839.2,0,69839.2
10956,0.3,0.16581942,0.2285983845368349,328814.0,476780.3,0,397720.867186574
10957,0.18,0.0,0.0,44680.0,59424.4,0,59424.4
10958,0.24,0.1656667,0.2283460398859784,12522.0,17405.6,1,14522.071686479998
10959,0.24,0.15257855,0.2070579314460354,5982.0,8315.0,1,7046.30935675
10960,0.24,0.15223907,0.2065145069848878,73440.0,102081.6,1,86540.792151888
10961,0.24,0.16663833,0.2299530760756012,274295.0,381270.0,1,317735.8039209
10962,0.24,0.16260013,0.2232985174693182,220103.0,305943.2,1,256196.79590738402
10963,0.18,0.0,0.0,79410.0,105615.3,0,105615.3
10964,0.3,0.16299458,0.2239457027649833,66620.0,96599.0,0,80853.88656658
10965,0.24,0.0,0.0,331092.0,460217.9,0,460217.9
10966,0.24,0.0,0.0,258384.0,359153.8,0,359153.8
10967,0.24,0.0,0.0,149541.0,207862.0,0,207862.0
10968,0.3,0.16944383,0.2346143602786069,42616.0,61793.2,0,51322.723524044
10969,0.24,0.0,0.0,37886.0,52661.5,0,52661.5
10970,0.3,0.1683413,0.2327787769189452,213430.0,309473.5,0,257376.32869445
10971,0.24,0.0,0.0,359961.0,500345.8,0,500345.8
10972,0.24,0.0,0.0,155116.0,215611.2,0,215611.2
10973,0.24,0.0,0.0,244500.0,339855.0,0,339855.0
10974,0.24,0.15182701,0.2058554841507037,46425.0,64530.7,1,54733.196765793
10975,0.18,0.0,0.0,42009.0,55872.0,0,55872.0
10976,0.18,0.15290245,0.2075768221735501,92014.0,122378.6,1,103666.61223243001
10977,0.24,0.0,0.0,36630.0,50915.7,0,50915.7
10978,0.24,0.15558569,0.211890705049752,29184.0,40565.8,1,34254.342016598006
10979,0.24,0.15444358,0.2100511719844786,67032.0,93174.5,1,78784.29665529
10980,0.24,0.16827123,0.2326622830421028,337158.0,468649.6,1,389789.35536899196
10981,0.24,0.1545177,0.210170402147981,198048.0,275286.7,1,232750.03227541002
10982,0.3,0.16724224,0.2309538082238945,95424.0,138364.8,0,115224.36091084799
10983,0.3,0.1588959,0.217250498481698,183500.0,266075.0,0,223796.7734075
10984,0.18,0.0,0.0,338400.0,450072.0,0,450072.0
10985,0.24,0.0,0.0,241136.0,335179.0,0,335179.0
10986,0.3,0.15628122,0.2130133964779117,23264.0,33732.8,0,28460.996861984004
10987,0.18,0.0,0.0,42050.0,55926.5,0,55926.5
10988,0.24,0.0,0.0,260644.0,362295.2,0,362295.2
10989,0.24,0.16180952,0.2220031752209832,255366.0,354958.7,1,297523.003133176
10990,0.24,0.0,0.0,41910.0,58254.9,0,58254.9
10991,0.24,0.0,0.0,25305.0,35174.0,0,35174.0
10992,0.18,0.0,0.0,70155.0,93306.2,0,93306.2
10993,0.24,0.16161478,0.2216844865180234,11556.0,16062.8,1,13466.814111815998
10994,0.3,0.16470526,0.2267595375974712,137904.0,199960.8,0,167026.204446192
10995,0.24,0.16381283,0.2252901757629216,27001.0,37531.4,1,31383.275152138
10996,0.18,0.0,0.0,6573.0,8742.1,0,8742.1
10997,0.18,0.0,0.0,43430.0,57761.9,0,57761.9
10998,0.18,0.0,0.0,209580.0,278741.4,0,278741.4
10999,0.24,0.0,0.0,130599.0,181532.6,0,181532.6
11000,0.24,0.1546739,0.2104217354698973,176670.0,245571.3,1,207587.82930093
11001,0.3,0.16815832,0.2324746074277019,32355.0,46914.8,0,39025.686048864
11002,0.24,0.0,0.0,25440.0,35361.6,0,35361.6
11003,0.3,0.15403044,0.2093869736873274,57343.0,83147.3,0,70340.084796188
11004,0.3,0.16220316,0.2226478128038773,106856.0,154941.2,0,129809.24774580801
11005,0.3,0.15371145,0.2088745824340882,9100.0,13195.0,0,11166.777417250001
11006,0.3,0.15548867,0.2117342469520214,155023.0,224783.4,0,189832.128095922
11007,0.18,0.0,0.0,193732.0,257663.6,0,257663.6
11008,0.24,0.0,0.0,188652.0,262226.3,0,262226.3
11009,0.18,0.15451904,0.2101725578775896,60280.0,80172.4,1,67784.23771750399
11010,0.24,0.0,0.0,381003.0,529594.2,0,529594.2
11011,0.18,0.0,0.0,31182.0,41472.1,0,41472.1
11012,0.24,0.16637687,0.2295202635512284,61362.0,85293.2,1,71102.384351716
11013,0.18,0.0,0.0,105259.0,139994.5,0,139994.5
11014,0.24,0.15131734,0.2050412353187466,206420.0,286923.8,1,243507.253801308
11015,0.24,0.15914267,0.2176517513381254,156780.0,217924.2,1,183243.160954386
11016,0.24,0.16780266,0.2318837729041526,33812.0,46998.7,1,39112.193123458
11017,0.24,0.1506649,0.2040003233117293,44472.0,61816.1,1,52502.58347511
11018,0.18,0.0,0.0,241978.0,321830.7,0,321830.7
11019,0.24,0.16975076,0.2351262302871846,96131.0,133622.1,1,110939.646972204
11020,0.24,0.0,0.0,148896.0,206965.4,0,206965.4
11021,0.24,0.0,0.0,153738.0,213695.8,0,213695.8
11022,0.3,0.15164211,0.2055599748120455,48320.0,70064.0,0,59439.347204959995
11023,0.24,0.0,0.0,120836.0,167962.0,0,167962.0
11024,0.18,0.16654077,0.2297915466123039,58626.0,77972.6,1,64986.983157098
11025,0.24,0.0,0.0,333523.0,463597.0,0,463597.0
11026,0.3,0.16577704,0.2285283493036442,230040.0,333558.0,0,278261.74209168
11027,0.24,0.15168591,0.2056299648400274,154494.0,214746.7,1,182172.65139100302
11028,0.3,0.16732047,0.2310835484330926,142780.0,207031.0,0,172390.47577543
11029,0.3,0.16759183,0.231533773268948,85745.0,124330.2,0,103493.474257734
11030,0.24,0.16852398,0.2330825812631374,37374.0,51949.9,1,43195.096091398
11031,0.24,0.0,0.0,48464.0,67365.0,0,67365.0
11032,0.18,0.0,0.0,137055.0,182283.1,0,182283.1
11033,0.24,0.0,0.0,148455.0,206352.4,0,206352.4
11034,0.24,0.15244755,0.2068481809001907,60944.0,84712.2,1,71798.03265489
11035,0.24,0.16934347,0.234447071041505,134976.0,187616.6,1,155844.95392639798
11036,0.24,0.16811848,0.2324083987344735,33285.0,46266.1,1,38487.913592472
11037,0.24,0.1640956,0.2257554093506386,134444.0,186877.2,1,156211.47373968002
11038,0.3,0.16193493,0.222208484956902,118389.0,171664.0,0,143865.60217648
11039,0.18,0.0,0.0,50285.0,66879.0,0,66879.0
11040,0.24,0.0,0.0,171380.0,238218.2,0,238218.2
11041,0.24,0.1576227,0.2151839858457724,155694.0,216414.7,1,182302.83066631
11042,0.24,0.0,0.0,71946.0,100004.9,0,100004.9
11043,0.24,0.0,0.0,117693.0,163593.3,0,163593.3
11044,0.3,0.15965566,0.2184866372753817,210392.0,305068.4,0,256362.50325285603
11045,0.3,0.15341517,0.2083990159615781,387360.0,561672.0,0,475502.99463576
11046,0.24,0.0,0.0,247299.0,343745.6,0,343745.6
11047,0.3,0.16588195,0.2287017317273016,249620.0,361949.0,0,301908.19407945004
11048,0.18,0.0,0.0,26027.0,34615.9,0,34615.9
11049,0.24,0.0,0.0,60450.0,84025.5,0,84025.5
11050,0.24,0.0,0.0,51776.0,71968.6,0,71968.6
11051,0.3,0.16440563,0.2262658549267152,36636.0,53122.2,0,44388.611242014
11052,0.18,0.0,0.0,162123.0,215623.6,0,215623.6
11053,0.24,0.15617229,0.2128374446248037,276810.0,384765.9,1,324676.128283089
11054,0.24,0.15598,0.2125269543375749,356184.0,495095.8,1,417870.757116
11055,0.3,0.15810803,0.2159709808136072,282849.0,410131.0,0,345285.99554807
11056,0.24,0.16015585,0.2193016734116681,319820.0,444549.8,1,373352.54891367
11057,0.3,0.0,0.0,116712.0,169232.4,0,169232.4
11058,0.3,0.16889998,0.2337083050485305,105510.0,152989.5,0,127149.57650979001
